vi1_quantization,vi2_batch_size,vi3_output_length,vi4_context_case,energy_j_mean,energy_j_std,throughput_mean,throughput_std,j_per_token_mean,j_per_token_std,tpot_ms_mean,tpot_ms_std,avg_power_mean,peak_power_mean,vram_peak_mean,tok_per_j_mean,gco2eq_mean,n_reps,cv_throughput,cv_j_per_token
fp16,1,64,A,244.2464,8.5413,53.414,0.4123,3.8651,0.1341,18.7337,0.1425,116.7578,262.3449,23516.3,0.2605,0.0199,3,0.77,3.47
fp16,1,64,B,272.0659,3.3088,50.3831,0.5381,4.251,0.0517,19.8527,0.2133,124.6103,275.4363,23516.3,0.2361,0.0222,3,1.07,1.22
fp16,1,64,C,384.175,2.4345,40.6113,0.3371,6.015,0.0391,24.6317,0.21,153.4641,309.533,23520.6256,0.1667,0.0314,3,0.83,0.65
fp16,1,256,A,1052.8239,10.7657,54.5879,0.9834,4.7864,0.0518,18.3283,0.3282,206.3072,285.4201,23516.3,0.2102,0.086,3,1.8,1.08
fp16,1,256,B,809.7003,2.7117,53.8443,0.0493,4.7946,0.0107,18.5783,0.0179,193.4749,294.4309,23516.3,0.209,0.0661,3,0.09,0.22
fp16,1,256,C,1157.1583,12.5298,47.5603,1.6226,5.711,0.0782,21.1318,0.7167,216.5031,306.4096,23386.2844,0.1754,0.0945,3,3.41,1.37
fp16,1,512,A,1348.3561,4.126,55.8048,0.0148,4.8062,0.0224,17.9234,0.0057,217.0239,289.597,23516.3,0.2094,0.1101,3,0.03,0.47
fp16,1,512,B,931.4107,7.7961,53.5403,0.6184,4.8548,0.0453,18.6889,0.2197,196.725,293.666,23516.3,0.2065,0.0761,3,1.16,0.93
fp16,1,512,C,1776.7684,9.3316,49.4793,0.6009,5.645,0.0357,20.3292,0.255,231.6533,309.5953,23520.6256,0.1774,0.1451,3,1.21,0.63
fp16,4,64,A,261.6629,4.7107,196.5739,0.6407,1.0397,0.0187,5.0957,0.0171,119.7362,249.0776,23516.3,0.9658,0.0214,3,0.33,1.79
fp16,4,64,B,351.3174,4.5773,162.4426,0.8795,1.3723,0.0179,6.1562,0.033,140.409,275.2771,23516.3,0.7301,0.0287,3,0.54,1.3
fp16,4,64,C,853.5738,4.5859,91.4193,0.1181,3.3343,0.0179,10.9395,0.0143,226.5476,411.3495,23516.3,0.3002,0.0697,3,0.13,0.54
fp16,4,256,A,1179.3881,4.2653,182.5172,2.0558,1.3555,0.006,5.551,0.0635,203.4929,260.9295,23516.3,0.7453,0.0963,3,1.13,0.45
fp16,4,256,B,1032.2507,0.5344,157.1118,0.4042,1.5979,0.0042,6.4471,0.0174,199.1043,276.4862,23516.3,0.6343,0.0843,3,0.26,0.26
fp16,4,256,C,1862.3849,11.9264,129.4848,1.0651,2.2327,0.0127,7.8229,0.0598,247.8481,413.5495,23516.3,0.4539,0.1521,3,0.82,0.57
fp16,4,512,A,1868.3985,12.6312,152.8317,1.5037,1.7155,0.0117,6.7105,0.0738,223.5429,279.8857,23516.3,0.6019,0.1526,3,0.98,0.68
fp16,4,512,B,1507.7071,16.8652,135.4113,4.9395,1.9095,0.0216,7.5462,0.2835,210.3481,282.0657,23377.6333,0.5405,0.1231,3,3.65,1.13
fp16,4,512,C,3032.1347,28.8882,121.9979,2.6704,2.3569,0.0226,8.4095,0.1843,255.4057,416.4724,23516.3,0.4369,0.2476,3,2.19,0.96
fp16,8,64,A,306.3226,19.4041,356.2178,5.0478,0.6096,0.0384,2.81,0.0416,130.51,266.8822,23516.3,1.6557,0.025,3,1.42,6.3
fp16,8,64,B,516.1716,8.2002,262.5738,9.8088,1.0081,0.016,3.8122,0.1455,175.1822,329.8678,23247.1889,0.9933,0.0422,3,3.74,1.59
fp16,8,64,C,1547.2354,9.413,113.9697,1.1519,3.0219,0.0184,8.7756,0.0851,281.4133,420.2922,23559.5556,0.3309,0.1264,3,1.01,0.61
fp16,8,256,A,1263.1145,10.4861,353.5961,0.2253,0.7222,0.006,2.8289,0.0019,212.7733,271.5722,23516.3,1.3853,0.1032,3,0.06,0.83
fp16,8,256,B,1374.1918,4.1212,243.9498,1.0979,1.1061,0.0034,4.1356,0.0184,224.1967,337.9433,23516.3,0.9121,0.1122,3,0.45,0.3
fp16,8,256,C,2729.9363,16.6455,195.7123,3.8163,1.6098,0.0102,5.1344,0.101,281.3922,422.3022,23516.3,0.6242,0.2229,3,1.95,0.63
fp16,8,512,A,2161.4452,3.1652,275.6061,1.0345,0.9794,0.0017,3.7433,0.0067,230.8022,281.0022,23559.5556,1.0609,0.1765,3,0.38,0.17
fp16,8,512,B,1978.8882,16.3324,200.9579,4.7735,1.4026,0.014,5.1833,0.1213,235.1944,326.61,23516.3,0.7476,0.1616,3,2.38,1.0
fp16,8,512,C,4177.0111,33.3731,193.7857,4.4433,1.5885,0.0126,5.3378,0.1204,278.1922,423.4056,23526.2222,0.649,0.3411,3,2.29,0.79
int4_awq,1,64,A,107.8014,1.0922,105.0066,0.6418,1.9173,0.0201,9.5741,0.0809,73.0572,121.2478,23660.6256,0.5383,0.0088,3,0.61,1.05
int4_awq,1,64,B,125.1999,1.3566,93.809,0.065,1.9562,0.0212,10.6631,0.0073,79.2359,150.7701,23656.5144,0.512,0.0102,3,0.07,1.08
int4_awq,1,64,C,208.0087,2.7384,62.7623,0.1298,3.5059,0.0425,16.2941,0.035,111.5459,250.4824,23656.3,0.2939,0.017,3,0.21,1.21
int4_awq,1,256,A,333.7234,1.3045,113.1416,0.3781,2.0717,0.0016,8.9399,0.0357,128.2383,228.9481,23656.3,0.4945,0.0273,3,0.33,0.08
int4_awq,1,256,B,370.6506,3.2244,111.0131,0.5382,2.037,0.0174,9.0261,0.0413,141.2597,273.372,23656.3,0.4934,0.0303,3,0.48,0.85
int4_awq,1,256,C,547.0519,4.3169,88.8618,0.6514,3.0701,0.0137,12.0534,0.0874,173.9647,306.6981,23517.6333,0.3399,0.0447,3,0.73,0.44
int4_awq,1,512,A,426.6461,2.0201,113.286,0.7006,2.1182,0.0121,8.9781,0.1457,138.0689,232.3391,23660.6256,0.4837,0.0348,3,0.62,0.57
int4_awq,1,512,B,444.0413,1.5153,111.0003,0.525,2.0546,0.0107,9.0349,0.0508,147.5483,270.3863,23656.3,0.4904,0.0363,3,0.47,0.52
int4_awq,1,512,C,843.7374,2.856,92.6105,0.1501,3.0319,0.0022,11.7187,0.0329,191.4659,307.2112,23656.3,0.3461,0.0689,3,0.16,0.07
int4_awq,4,64,A,132.5005,1.6749,338.8867,2.2274,0.5552,0.0068,2.9681,0.0172,81.29,151.8024,23656.3,1.8158,0.0108,3,0.66,1.22
int4_awq,4,64,B,209.8993,6.9939,258.7776,1.6375,0.8199,0.0273,3.8676,0.0252,111.5181,249.9714,23656.3,1.2276,0.0171,3,0.63,3.33
int4_awq,4,64,C,761.6194,8.3233,108.9694,0.5225,3.1352,0.031,9.2362,0.0538,235.5548,445.9657,23656.3,0.3209,0.0622,3,0.48,0.99
int4_awq,4,256,A,529.2056,4.043,319.7396,0.3625,0.7709,0.008,3.22,0.0074,167.3881,283.3981,23656.3,1.332,0.0432,3,0.11,1.03
int4_awq,4,256,B,618.8154,2.4954,284.4337,0.9478,0.9122,0.0056,3.5638,0.0095,182.5557,304.5057,23656.3,1.1115,0.0505,3,0.33,0.61
int4_awq,4,256,C,1309.9592,9.2647,192.8637,0.3863,1.7035,0.0119,5.3248,0.0246,257.8852,444.6405,23656.3,0.6017,0.107,3,0.2,0.7
int4_awq,4,512,A,824.3012,17.4309,282.9973,1.7323,0.9489,0.0225,3.7005,0.0192,192.359,286.8529,23656.3,1.1216,0.0673,3,0.61,2.38
int4_awq,4,512,B,836.3383,10.7312,263.192,2.044,1.0223,0.0121,3.8333,0.031,199.4429,307.361,23517.6333,0.9901,0.0683,3,0.78,1.18
int4_awq,4,512,C,1988.8669,13.2608,202.0891,1.7811,1.6522,0.0119,5.2529,0.0458,272.0676,446.51,23656.3,0.641,0.1624,3,0.88,0.72
int4_awq,8,64,A,174.6323,8.6951,563.6548,10.2183,0.3692,0.0185,1.7767,0.0361,98.4967,199.9244,23656.3,2.7192,0.0143,3,1.81,5.01
int4_awq,8,64,B,366.6536,10.4972,385.1853,1.4896,0.7161,0.0205,2.5956,0.0096,160.4944,345.1333,23386.5222,1.4026,0.0299,3,0.39,2.86
int4_awq,8,64,C,1508.2555,11.3907,126.0697,0.3811,3.0287,0.0235,7.9422,0.0217,304.8822,448.4678,23656.3,0.3307,0.1232,3,0.3,0.78
int4_awq,8,256,A,636.684,10.8154,587.2583,3.4869,0.4392,0.0078,1.7067,0.0088,186.0378,297.9422,23659.3333,2.2892,0.052,3,0.59,1.78
int4_awq,8,256,B,881.4405,25.3171,424.0862,2.9363,0.6834,0.0204,2.3767,0.0186,217.81,371.08,23656.3,1.4728,0.072,3,0.69,2.98
int4_awq,8,256,C,2191.7227,5.7831,258.8907,1.3876,1.3946,0.0029,3.9278,0.0214,305.22,449.2333,23656.3,0.7294,0.179,3,0.54,0.21
int4_awq,8,512,A,1029.7262,13.5021,470.0477,0.9402,0.5715,0.0073,2.1633,0.0058,209.0533,298.9556,23656.3,1.7928,0.0841,3,0.2,1.28
int4_awq,8,512,B,1176.6164,11.3807,364.1677,1.2996,0.8006,0.0081,2.7556,0.0102,233.0733,365.7422,23656.3,1.2545,0.0961,3,0.36,1.02
int4_awq,8,512,C,3045.3878,7.2159,296.8472,1.2163,1.1939,0.0005,3.5256,0.0164,304.7167,448.4956,23656.3,0.8775,0.2487,3,0.41,0.04
int8_w8a16,1,64,A,124.2676,0.5894,97.0193,0.4611,1.9417,0.0092,10.3084,0.0509,78.7808,146.6373,22910.3,0.5158,0.0101,3,0.48,0.47
int8_w8a16,1,64,B,142.8864,0.07,86.1192,0.2254,2.2326,0.0011,11.6131,0.0299,85.4737,171.2276,22910.3,0.4491,0.0117,3,0.26,0.05
int8_w8a16,1,64,C,241.666,2.3444,58.0356,0.8104,3.776,0.0366,17.2553,0.2809,121.4752,286.4974,22910.3,0.2669,0.0197,3,1.4,0.97
int8_w8a16,1,256,A,612.5532,5.9928,106.8911,0.1687,2.3928,0.0234,9.3559,0.0141,183.6251,302.7292,22910.3,0.4183,0.05,3,0.16,0.98
int8_w8a16,1,256,B,652.2465,4.1233,102.4687,0.9935,2.5478,0.0161,9.763,0.099,189.2547,304.0823,22910.3,0.3928,0.0533,3,0.97,0.63
int8_w8a16,1,256,C,828.1325,5.8382,86.5668,1.3922,3.2349,0.0228,11.5574,0.1905,209.4641,319.7506,23448.3,0.3093,0.0676,3,1.61,0.7
int8_w8a16,1,512,A,1340.5181,3.0269,108.6914,0.0138,2.6182,0.0059,9.2006,0.0011,235.4577,308.0321,22910.3,0.382,0.1095,3,0.01,0.23
int8_w8a16,1,512,B,1377.0743,4.4146,106.5089,0.0676,2.6896,0.0086,9.3896,0.006,238.1799,310.3622,22910.4922,0.3719,0.1125,3,0.06,0.32
int8_w8a16,1,512,C,1579.756,0.9779,95.0001,0.0152,3.0855,0.0019,10.5266,0.0018,248.3612,324.5314,22910.3,0.3241,0.129,3,0.02,0.06
int8_w8a16,4,64,A,641.9263,5.1328,109.2735,0.144,2.5075,0.02,9.151,0.0121,193.4695,319.829,22910.3,0.399,0.0524,3,0.13,0.8
int8_w8a16,4,64,B,758.4071,6.9945,94.8506,1.7739,2.9625,0.0273,10.5481,0.2014,206.8738,325.4181,22910.3,0.3378,0.0619,3,1.87,0.92
int8_w8a16,4,64,C,1333.8808,5.489,61.5288,0.1211,5.2105,0.0214,16.2533,0.0338,259.3086,394.4414,22910.3,0.192,0.1089,3,0.2,0.41
int8_w8a16,4,256,A,2810.8789,6.3265,113.9873,0.0751,2.745,0.0062,8.7724,0.0044,281.9029,325.57,22910.3,0.3643,0.2296,3,0.07,0.23
int8_w8a16,4,256,B,2949.9407,6.16,108.4759,0.2307,2.8808,0.006,9.2186,0.0206,282.4914,330.0852,22910.3,0.3471,0.2409,3,0.21,0.21
int8_w8a16,4,256,C,3654.0914,6.8869,90.7461,0.1471,3.5684,0.0067,11.0195,0.0181,297.7833,397.7624,22910.3,0.2802,0.2984,3,0.16,0.19
int8_w8a16,4,512,A,5731.0426,12.0018,114.4506,0.0607,2.7984,0.0059,8.7381,0.0054,303.4338,327.8633,22910.3,0.3574,0.468,3,0.05,0.21
int8_w8a16,4,512,B,5924.8239,15.9755,110.1447,0.4211,2.893,0.0078,9.0795,0.0339,302.3643,331.9076,23448.3,0.3457,0.4839,3,0.38,0.27
int8_w8a16,4,512,C,6809.6997,10.7327,97.3383,1.4959,3.325,0.0052,10.2757,0.1601,309.1571,399.6648,22910.3,0.3008,0.5561,3,1.54,0.16
int8_w8a16,8,64,A,669.8783,21.4672,206.4202,0.3827,1.3084,0.0419,4.8456,0.0077,195.8967,324.5678,22910.3,0.765,0.0547,3,0.19,3.2
int8_w8a16,8,64,B,925.8002,8.1568,164.245,2.1639,1.8082,0.0159,6.0889,0.0795,227.3033,360.8189,23186.7444,0.5535,0.0756,3,1.32,0.88
int8_w8a16,8,64,C,2119.1816,12.5139,83.5469,0.0807,4.139,0.0244,11.9678,0.0107,296.3178,397.7844,22910.3,0.2416,0.1731,3,0.1,0.59
int8_w8a16,8,256,A,2921.7533,9.285,221.8613,0.3848,1.4266,0.0045,4.5067,0.0067,285.5756,328.9522,22910.3,0.701,0.2386,3,0.17,0.32
int8_w8a16,8,256,B,3219.4953,5.6381,203.5347,0.4782,1.572,0.0028,4.9144,0.0107,290.8678,363.5089,22910.3,0.6361,0.2629,3,0.23,0.18
int8_w8a16,8,256,C,4625.56,15.1467,147.4658,0.1881,2.2586,0.0074,6.7833,0.0088,310.7889,399.9811,22910.3,0.4428,0.3778,3,0.13,0.33
int8_w8a16,8,512,A,5925.1911,5.1555,224.0055,0.2621,1.4466,0.0013,4.4656,0.0069,307.4511,332.3533,22910.3,0.6913,0.4839,3,0.12,0.09
int8_w8a16,8,512,B,6304.4407,17.3781,210.9166,0.2824,1.5392,0.0042,4.7422,0.0069,308.9333,362.7289,22910.3,0.6497,0.5149,3,0.13,0.28
int8_w8a16,8,512,C,8061.3599,16.8163,168.2649,0.1372,1.9681,0.0041,5.9444,0.0038,318.1711,402.6289,22910.3,0.5081,0.6583,3,0.08,0.21
