vi1_quantization,vi2_batch_size,vi3_output_length,vi4_context_case,energy_mean,energy_std,throughput_mean,throughput_std,j_per_token_mean,j_per_token_std,tpot_mean,tpot_std,cv_throughput,n_reps,cei
fp16,1,64,A,244.24638322222222,8.541285079900977,53.41395555555556,0.4122634216174222,3.8650519341628082,0.13409284320198261,18.733666666666664,0.14254862718073155,0.007718271701271558,3,0.009051755313058641
fp16,1,64,B,272.0658722111111,3.3088389387111237,50.383091111111106,0.5380503471932889,4.251029253298611,0.05170060841736131,19.852666666666668,0.21334557256557496,0.010679184927473185,3,0.0077629021867941924
fp16,1,64,C,384.17503273333335,2.4344561636287643,40.61125555555555,0.33705862174492945,6.015014643553241,0.03910891325669215,24.63166666666667,0.21001269802879288,0.008299635584618706,3,0.004422248326938446
fp16,1,256,A,1052.8238722111112,10.765724471914451,54.58794,0.9833889278126139,4.786398188417989,0.05181187460578996,18.328333333333333,0.32823585693488583,0.0180147653091986,3,0.007470011644272105
fp16,1,256,B,809.700288911111,2.7117201867071308,53.84432,0.04933160886625701,4.7945806363731185,0.010729419763646665,18.578333333333333,0.017854348987789967,0.0009161896531752468,3,0.007355677302707257
fp16,1,256,C,1157.1583166333332,12.529820391456328,47.56034555555556,1.622557604436531,5.711049463307106,0.07823555693273407,21.13177777777778,0.7167469980817927,0.034115765675865654,3,0.005454594603868118
fp16,1,512,A,1348.3560932999999,4.126042348539346,55.80480555555556,0.014769139120830404,4.806172935050459,0.022427840772314692,17.923444444444446,0.005738111703855555,0.00026465712000602856,3,0.00760511182881627
fp16,1,512,B,931.4106631444444,7.796136750771998,53.540254444444436,0.6184469286611194,4.85481544228337,0.04527486152169469,18.688888888888886,0.2197297161244871,0.011551064429528348,3,0.0072233906858858495
fp16,1,512,C,1776.7683984444445,9.33156372150281,49.479322222222216,0.6009318204286587,5.644995720405997,0.03568400468334258,20.329222222222224,0.25496891604301136,0.012145110188246835,3,0.005741079008610257
fp16,4,64,A,261.6628916190476,4.710713830690869,196.5738619047619,0.6407074218987828,1.0397346726255743,0.01865455850219037,5.095714285714286,0.017142857142856904,0.0032593724093857358,3,0.12383307055223207
fp16,4,64,B,351.3174115714285,4.577323128800335,162.4426380952381,0.8795023010879905,1.3723336389508927,0.017880168471876307,6.156190476190477,0.03302235894778282,0.005414233057285972,3,0.0775307033080004
fp16,4,64,C,853.5738169047619,4.585852097099146,91.41932857142858,0.11811045332091624,3.334272722284226,0.017913484754293538,10.939523809523811,0.014309504001252924,0.0012919636926520754,3,0.017958510236323118
fp16,4,256,A,1179.3881414761906,4.265250938705741,182.51724285714286,2.0558424241310704,1.3555054402668176,0.00603721747242597,5.550952380952381,0.06347638695357712,0.01126382577310893,3,0.0881933893803735
fp16,4,256,B,1032.250716904762,0.5343516036162973,157.1118476190476,0.4041969868141752,1.5978936319582118,0.004188218427098896,6.447142857142857,0.017379321515137176,0.0025726703169721347,3,0.06440127547010545
fp16,4,256,C,1862.384924095238,11.926367408018994,129.48479523809524,1.0651348419315745,2.2327271138001374,0.012739819040976857,7.822857142857142,0.05981263261559481,0.008225945293213832,3,0.037985384487124144
fp16,4,512,A,1868.3985336190478,12.631216348377219,152.83172380952382,1.5037075941284024,1.715537654991773,0.01172768389011528,6.71047619047619,0.07384945156599759,0.009838975551977035,3,0.058350778591974496
fp16,4,512,B,1507.707101952381,16.865246531606736,135.4112619047619,4.9394647551959725,1.9095393275257777,0.02159337923730025,7.546190476190476,0.2835429396748498,0.0364775033163048,3,0.046447204117676597
fp16,4,512,C,3032.134735904762,28.888160911112706,121.99785714285713,2.67041493110822,2.3569218464600445,0.022591651335244947,8.40952380952381,0.18428755997599228,0.021889031444062308,3,0.03390317874070514
fp16,8,64,A,306.3226414444444,19.404056280531087,356.2177777777777,5.047783587799633,0.609558847360322,0.03842486867815837,2.81,0.04163331998932253,0.014170498786696229,3,0.38276599638868913
fp16,8,64,B,516.1715828888889,8.200174222611258,262.57376666666664,9.808786914859121,1.0081476228298611,0.016015965278537613,3.8122222222222226,0.14553859103853373,0.03735630957875242,3,0.17059276271248164
fp16,8,64,C,1547.2353954444445,9.41299075751361,113.96966666666667,1.1519090564990058,3.0219441317274307,0.01838474757326877,8.775555555555556,0.08513605668662506,0.010107154738532836,3,0.024702234816611567
fp16,8,256,A,1263.1144885555557,10.486109168284216,353.59605555555555,0.22527645320893497,0.7222025378041549,0.005976903912042027,2.828888888888889,0.001924500897298733,0.0006371011488093782,3,0.3206873288729358
fp16,8,256,B,1374.1917796666667,4.121246914576099,243.94983333333334,1.097895988293577,1.106125994083016,0.0033605110547131364,4.135555555555555,0.018358568490953478,0.004500499030033805,3,0.14445391813814953
fp16,8,256,C,2729.9363329999996,16.645535917938602,195.71232222222224,3.816291282461624,1.6097889420643516,0.010221505217334448,5.134444444444444,0.10095837059200508,0.019499494151055074,3,0.07963108423452785
fp16,8,512,A,2161.4452025555556,3.165208031427415,275.6061222222222,1.0345053312430559,0.9794080442126972,0.0016539788367986449,3.7433333333333336,0.006666666666666543,0.0037535644088810805,3,0.18431411387295024
fp16,8,512,B,1978.8882214444445,16.33238854961642,200.95790000000002,4.773533091374199,1.4026163205064197,0.013960526028081774,5.183333333333334,0.12128936932440171,0.02375389617115924,3,0.09384250550657715
fp16,8,512,C,4177.011121555555,33.37306037316674,193.78566666666666,4.443323516743339,1.5884930406986604,0.012590327335131957,5.337777777777777,0.12038518427361664,0.022929061747308476,3,0.07990422316213394
int4_awq,1,64,A,107.8014192,1.0921578613424376,105.00664555555556,0.6418083624098881,1.917275874053333,0.020083160318706213,9.574111111111112,0.08087736486896749,0.006112073755087511,3,0.035872824800882434
int4_awq,1,64,B,125.19991479999999,1.3565667156186882,93.80903888888889,0.06497184658102302,1.9562486687499998,0.021196354931542004,10.663111111111112,0.00733585815121965,0.0006925968686022091,3,0.03140899394656003
int4_awq,1,64,C,208.0087270222222,2.738351819034702,62.76230888888889,0.12976510065556304,3.505857632044402,0.042527831270606095,16.29411111111111,0.034964002652462925,0.002067564163155508,3,0.011725679912965487
int4_awq,1,256,A,333.7234261666667,1.3045121785607208,113.14156777777778,0.37813112441077007,2.0717179884422645,0.0016277425181774102,8.939888888888888,0.03571855000997157,0.0033421061051006253,3,0.03577049533472934
int4_awq,1,256,B,370.65058775555553,3.2243687745813463,111.01310222222223,0.5381642905422185,2.0369673540279307,0.017387269351864913,9.026111111111112,0.04134050117060873,0.004847754722365433,3,0.03569633009664319
int4_awq,1,256,C,547.0518727444445,4.316859847850747,88.86179444444444,0.6514056103989747,3.070125943827616,0.013651105653153157,12.053444444444445,0.08741366110710641,0.00733054755951646,3,0.018957989835754984
int4_awq,1,512,A,426.6461297444444,2.0201191078376,113.28596222222222,0.700577200237479,2.11817799642983,0.012082382436991704,8.97811111111111,0.14565458887127228,0.006184148384273987,3,0.03503055711368234
int4_awq,1,512,B,444.04133434444446,1.5153160194529727,111.00028444444445,0.5250252302332542,2.0546368147836698,0.010682323779882172,9.034888888888888,0.05078203240137951,0.004729944908348707,3,0.03538526276305463
int4_awq,1,512,C,843.7374172777778,2.856036850423043,92.61054222222224,0.15011310759014146,3.03193889825685,0.002213248139180315,11.718666666666666,0.03292415526630825,0.0016209073393603879,3,0.020006604221099164
int4_awq,4,64,A,132.5004749047619,1.674902446229301,338.88670476190475,2.227365172736851,0.5551991695152724,0.0067770794116894404,2.9680952380952377,0.017222039352404947,0.0065725953288777025,3,0.39979662336657523
int4_awq,4,64,B,209.89925333333335,6.993862743787953,258.77762380952385,1.6375499880411104,0.8199189583333334,0.02731977634292169,3.8676190476190477,0.025166114784235905,0.006328020034863727,3,0.20672318665554143
int4_awq,4,64,C,761.6193940952381,8.32334811458714,108.96943809523809,0.522531819230986,3.135238644726405,0.030974226368546517,9.236190476190478,0.05376314900074298,0.004795214404742511,3,0.022764992239335397
int4_awq,4,256,A,529.2056026666667,4.043010834291751,319.73961904761904,0.36247855962868275,0.7709411468716437,0.007959496903548913,3.22,0.007423074889580895,0.0011336679536567264,3,0.27164932257379437
int4_awq,4,256,B,618.8154414761906,2.4953973087637817,284.4337095238095,0.9478237865089392,0.9121543744478254,0.005595769310985696,3.5638095238095233,0.009511897312113304,0.0033323187610067658,3,0.20424250049809864
int4_awq,4,256,C,1309.9592071428572,9.264687001225216,192.8636523809524,0.38631018052626365,1.703522615608942,0.011926929099291156,5.324761904761904,0.02459190730223827,0.002003022216769034,3,0.07415422189765744
int4_awq,4,512,A,824.3011567619047,17.430943593521892,282.99731904761904,1.7322719030771545,0.9488888603214537,0.022538684286877626,3.70047619047619,0.019184035312841772,0.006121160118784273,3,0.19534413289411245
int4_awq,4,512,B,836.3383064761905,10.731197488820294,263.1919523809524,2.0439897203270587,1.022266843462278,0.012084736077712082,3.8333333333333335,0.03104747297657717,0.007766155848749225,3,0.1686326750977731
int4_awq,4,512,C,1988.866900904762,13.260784314489385,202.08912857142855,1.7811412433536982,1.6521751233748923,0.011944906949658005,5.252857142857143,0.045825756949558975,0.008813642059543813,3,0.08011618692353298
int4_awq,8,64,A,174.6323201111111,8.695109911328256,563.6548,10.218263910001776,0.36918717719510546,0.01849175899187828,1.7766666666666666,0.03605551275463992,0.018128584924676935,3,1.0
int4_awq,8,64,B,366.6535925555556,10.497218002559663,385.18528888888886,1.489552561205029,0.7161202979600695,0.02050237891124934,2.595555555555556,0.009622504486494049,0.0038671065696766933,3,0.35230362115398794
int4_awq,8,64,C,1508.2555445555554,11.390702818546158,126.06974444444444,0.3811213751452225,3.028722092801024,0.023508184278187683,7.942222222222221,0.02168802366215974,0.003023099450425051,3,0.027263703227999363
int4_awq,8,256,A,636.6839774444444,10.815369987078425,587.2582777777778,3.4868870225673168,0.43916867123757336,0.007796444166414983,1.7066666666666668,0.008819171036882236,0.005937569812999343,3,0.8758529445742397
int4_awq,8,256,B,881.4405350000001,25.31709906114951,424.0861888888889,2.9363418383221678,0.6833961009876738,0.020381586417647073,2.3766666666666665,0.0185592145427665,0.006923927058354388,3,0.4064573966522819
int4_awq,8,256,C,2191.7226616666667,5.783080957690963,258.8906888888889,1.3876324927065067,1.3946043774433023,0.002918457301205894,3.9277777777777776,0.021430335024428475,0.005359916568115929,3,0.12159026523096816
int4_awq,8,512,A,1029.726219111111,13.502101167299523,470.0476777777778,0.9402212554815422,0.5714944165241104,0.00729287799372468,2.1633333333333336,0.005773502691896167,0.002000267845012221,3,0.5387202721654308
int4_awq,8,512,B,1176.6163729999998,11.380713781247838,364.1676888888889,1.2995665774631402,0.8006416404170461,0.008141224133107281,2.755555555555556,0.010183501544346498,0.0035685938569351133,3,0.2979179255348937
int4_awq,8,512,C,3045.387824111111,7.215867447079621,296.8471666666667,1.2162789939446683,1.1938576215968864,0.00046294138070000117,3.5255555555555556,0.01644294287438773,0.004097323911164232,3,0.1628597525061398
int8_w8a16,1,64,A,124.26764432222222,0.5893825856782043,97.01931,0.46112428427100527,1.9416819425347223,0.009209102901221943,10.308444444444445,0.050905504322915636,0.004752912428165141,3,0.03272754951528811
int8_w8a16,1,64,B,142.88643187777777,0.06998489064290213,86.11921111111111,0.22539564674227783,2.2326004980902776,0.0010935139162953458,11.613111111111111,0.029891160591075328,0.002617251642626765,3,0.025265181605281708
int8_w8a16,1,64,C,241.66599252222224,2.3444302141051714,58.035631111111115,0.8103775225599243,3.7760311331597225,0.0366317220953933,17.255333333333333,0.28088214214822693,0.013963448092921282,3,0.010066825578073898
int8_w8a16,1,256,A,612.553249311111,5.992770875747017,106.89112666666666,0.1687148583656268,2.3927861301215274,0.023409261233386786,9.355888888888888,0.01411198597462952,0.0015783803915899925,3,0.029259787707242774
int8_w8a16,1,256,B,652.2464670222222,4.123261141677186,102.46868555555557,0.993492190722166,2.5478377618055554,0.016106488834676507,9.763,0.09902693236354028,0.00969556880070965,3,0.02634224556000303
int8_w8a16,1,256,C,828.1325030777776,5.838193188419651,86.56675222222223,1.3921895653024512,3.234892590147569,0.02280544214226426,11.557444444444444,0.1904836923125898,0.016082266338566256,3,0.017527688957471987
int8_w8a16,1,512,A,1340.5181370777777,3.0269480586371693,108.6913988888889,0.013805112713659721,2.6181994864800346,0.005912007927025721,9.200555555555555,0.001071516751220792,0.00012701200697370907,3,0.027191041559814142
int8_w8a16,1,512,B,1377.0743168333331,4.414578622916645,106.5088988888889,0.06761877684105487,2.6895982750651037,0.008622223872884072,9.389555555555555,0.006012333003764051,0.0006348650445780632,3,0.025937724679304965
int8_w8a16,1,512,C,1579.7559549555556,0.9779423739962059,95.00007111111113,0.015227059369339359,3.0854608495225695,0.0019100436992113396,10.526555555555555,0.001835856849096079,0.00016028471548752032,3,0.020166813821979577
int8_w8a16,4,64,A,641.9262530952382,5.132758129508561,109.27345238095238,0.14398576342134564,2.507524426153274,0.020049836443392817,9.150952380952381,0.012149857925879868,0.0013176646320222374,3,0.028543215134222585
int8_w8a16,4,64,B,758.407133,6.994451176370828,94.85059047619048,1.7739470254919396,2.96252786328125,0.027322074907698547,10.548095238095238,0.2014302600402043,0.018702540665123658,3,0.020970606637243594
int8_w8a16,4,64,C,1333.8808383809524,5.488981722970998,61.528819047619045,0.12111938816917665,5.210472024925595,0.02144133485535546,16.253333333333334,0.03375582590180435,0.001968498502716903,3,0.00773454747935865
int8_w8a16,4,256,A,2810.878934952381,6.326543438797219,113.98734761904763,0.07510998375624205,2.7449989599144344,0.006178265076950409,8.772380952380951,0.004364357804720191,0.0006589326387983723,3,0.027198682202798974
int8_w8a16,4,256,B,2949.9406695714283,6.159954182161957,108.47586666666666,0.23070151416810844,2.880801435128348,0.006015580256017536,9.21857142857143,0.020603150145508082,0.0021267542842227476,3,0.024663414543333876
int8_w8a16,4,256,C,3654.0913814761902,6.886860212861323,90.74611904761905,0.14708958281996454,3.568448614722842,0.0067254494266223855,11.01952380952381,0.018088971345927435,0.0016208911671779511,3,0.016656433373546456
int8_w8a16,4,512,A,5731.042554571429,12.001769445367621,114.45064761904763,0.06070699339959803,2.7983606223493305,0.005860238986995909,8.738095238095239,0.005408484138856696,0.000530420706763177,3,0.02678847384361303
int8_w8a16,4,512,B,5924.82393452381,15.975522022970917,110.14467142857143,0.4211223575162028,2.892980436779204,0.007800547862778768,9.07952380952381,0.03387652649872845,0.003823356609577788,3,0.024937412755068153
int8_w8a16,4,512,C,6809.699698809523,10.732663721518067,97.33831904761905,1.495922348834159,3.3250486810593376,0.005240558457772494,10.275714285714287,0.16005738766748145,0.015368278017029797,3,0.019174287403709824
int8_w8a16,8,64,A,669.8782746666667,21.467229742764793,206.42015555555554,0.3827022418616627,1.3083560052083334,0.04192818309133749,4.845555555555556,0.007698003589195316,0.0018539964802935897,3,0.10333788475026688
int8_w8a16,8,64,B,925.800160111111,8.156810933310865,164.24504444444446,2.163939304533232,1.8082034377170138,0.015931271354122784,6.088888888888889,0.07953568963632549,0.01317506602316505,3,0.05949471427685749
int8_w8a16,8,64,C,2119.1816245555556,12.513905274888442,83.54694444444443,0.08074140018418677,4.1390266104600695,0.02444122124001649,11.967777777777778,0.01071516751221409,0.0009664195467720573,3,0.013221044021269685
int8_w8a16,8,256,A,2921.753251666667,9.284984911500146,221.86134444444443,0.3848306905255481,1.4266373299153647,0.004533684038818431,4.506666666666667,0.0066666666666661545,0.0017345549378563027,3,0.10185948015541726
int8_w8a16,8,256,B,3219.495295555556,5.63813310046661,203.53470000000002,0.4781645462948225,1.5720191872829863,0.002752994677962212,4.914444444444444,0.010715167512214711,0.002349302336627727,3,0.08480354702582024
int8_w8a16,8,256,C,4625.560003888889,15.146747086631482,147.46584444444446,0.18813807675726427,2.2585742206488715,0.007395872600894278,6.783333333333334,0.008819171036882088,0.0012758078147929405,3,0.04276519671041146
int8_w8a16,8,512,A,5925.191133333334,5.1554600510361235,224.00549999999998,0.26210506163238834,1.4465798665364584,0.001258657239022491,4.465555555555556,0.00693888666488711,0.0011700831525672322,3,0.10142608543612375
int8_w8a16,8,512,B,6304.4406696666665,17.378139001886613,210.91656666666665,0.2824386088653145,1.5391700853678385,0.004242709717257474,4.742222222222222,0.006938886664887163,0.0013391011115389882,3,0.08975475750733446
int8_w8a16,8,512,C,8061.359871444444,16.816277221138698,168.26492222222222,0.13723698211218976,1.9681054373643663,0.004105536430942065,5.944444444444444,0.0038490017945970174,0.0008156006629292897,3,0.05599878788530734
